Date,Open,High,Low,Close,Volume,Quote asset volume,Number of trades,Taker buy base volume,Taker buy quote volume,High/Low,volX,quote-buy,7sma,30sma,90sma,Prediction,Confidence,True_Label,Correct_Pred
2021-12-27,50775.48,52088.0,50449.0,50701.44,28779.58212,1471423612.091862,1009238.0,14432.91035,738207529.0572352,1639.0,51127.34458605343,51147.51710885776,50144.77714285714,50418.86433333333,56005.593555555555,1,0.7310042,0,0
2021-12-28,50701.44,50704.05,47313.01,47543.74,45853.33924,2242102220.931003,1345774.0,21743.17013,1063171693.1535625,3391.040000000001,48897.25062760779,48896.81158713183,49952.47142857143,50094.493,56072.476444444444,1,0.70399654,0,0
2021-12-29,47543.74,48139.08,46096.99,46464.66,39498.87,1873785571.2732966,1114074.0,19089.6191,905969695.6425399,2042.0900000000038,47438.96651406221,47458.76231980657,49649.11428571429,49717.439999999995,56101.816000000006,1,0.6030814,1,1
2021-12-31,47120.88,48548.26,45678.0,46216.93,34937.99796,1650715977.918517,1059783.0,17315.5423,818331688.0033131,2870.260000000002,47247.01111404258,47259.95142544932,48460.39857142857,49024.21233333333,56074.71922222223,1,0.5511605,1,1
2022-01-01,46216.93,47954.63,46208.37,47722.65,19604.46325,924155159.5834866,714899.0,9942.36679,468738711.7901065,1746.2599999999948,47140.03886760258,47145.58632674489,48077.968571428566,48732.28933333334,56069.415222222226,0,0.8655439,0,1
2022-01-03,47286.18,47570.0,45696.0,46446.1,27662.0771,1292203508.325655,885624.0,13524.76045,631879430.11428,1874.0,46713.90017655815,46720.19385853744,46971.590000000004,48431.58133333333,55992.030222222216,0,0.509598,0,1
2022-01-04,46446.1,47557.54,45500.0,45832.01,35491.4136,1649170424.1276133,1021815.0,17689.26808,821725463.0808074,2057.540000000001,46466.743835968635,46453.333137614325,46727.05714285715,48312.77066666666,55886.663666666675,1,0.67981035,0,0
2022-01-05,45832.01,47070.0,42500.0,43451.13,51784.11857,2334288544.645448,1478532.0,23552.9946,1063287226.3571414,4570.0,45077.30572820385,45144.46015952219,46296.55285714286,48079.744333333336,55771.84044444444,0,0.92708766,0,1
2022-01-06,43451.14,43816.0,42430.58,43082.31,38880.37305,1674466154.4383326,1150707.0,19268.82662,829886561.8261453,1385.4199999999983,43067.13189929983,43068.86860276006,45719.61571428571,47829.523,55651.07244444445,1,0.6256399,0,0
2022-01-07,43082.3,43145.83,40610.0,41566.48,54836.50818,2293851015.4652367,1406635.0,26519.39261,1109740200.2387211,2535.8300000000017,41830.72722164777,41846.365659983385,45055.26571428571,47532.69933333333,55502.36977777778,0,0.57090497,0,1
2022-01-09,41679.74,42786.7,41200.02,41864.62,22724.39426,952830064.5125849,752733.0,11399.78979,478046850.277152,1586.6800000000003,41929.83335928906,41934.707488773085,43417.48428571429,47161.307,55184.74766666667,1,0.6370681,0,0
2022-01-10,41864.62,42248.5,39650.0,41822.49,50729.17019,2088111339.5055964,1250983.0,24654.54811,1015935553.4027652,2598.5,41161.94551743754,41206.821105380426,42756.968571428566,46909.05700000001,55027.25388888888,0,0.7733741,1,0
2022-01-11,41822.49,43100.0,41268.93,42729.29,37296.43729,1574803608.9600787,1015526.0,18521.95391,782176383.1010936,1831.0699999999997,42223.96892001045,42229.69060941226,42313.72285714286,46664.903333333335,54864.61266666666,1,0.63855535,1,1
2022-01-12,42729.29,44322.0,42450.0,43902.66,33943.2928,1470906437.7120714,1023902.0,17584.31885,762205618.815565,1872.0,43334.22942726615,43345.75739426864,42378.22714285715,46571.567,54715.22066666667,1,0.59955174,0,0
2022-01-14,42558.35,43448.78,41725.95,43059.96,32640.88292,1392000443.3501675,946938.0,15434.18945,658472386.2432475,1722.8300000000017,42645.91882400488,42663.23076935197,42516.98142857143,46185.293999999994,54304.910444444446,1,0.50153625,1,1
2022-01-16,43084.29,43475.0,42581.79,43071.66,20602.35271,887203134.0531468,732171.0,10052.19291,432899939.6738643,893.2099999999991,43063.19508948679,43065.22403118747,42890.065714285716,45931.70633333333,53889.55244444444,1,0.54992336,0,0
2022-01-17,43071.66,43176.18,41540.42,42201.62,27562.08613,1169381684.4668436,918029.0,13448.54192,570690475.9728293,1635.760000000002,42427.18344871682,42435.11894208598,42944.22714285715,45777.27766666667,53644.23055555556,0,0.5536767,0,1
2022-01-18,42201.63,42691.0,41250.0,42352.12,29324.08257,1228459687.3994458,905061.0,14527.82371,608578954.6171259,1441.0,41892.51904017694,41890.57953657712,42890.34571428572,45632.974,53381.460666666666,1,0.6095716,0,0
2022-01-19,42352.12,42559.13,41138.56,41660.01,31685.72159,1327478459.1602297,924528.0,15603.74304,653807601.6725059,1420.5699999999997,41895.16263310163,41900.69010983315,42569.967142857146,45457.835666666666,53153.31466666667,0,0.6281909,1,0
2022-01-20,41660.0,43505.0,40553.31,40680.91,42330.33953,1784801200.404487,1098761.0,20201.47991,852629490.2787864,2951.6900000000023,42163.64007993788,42206.28855298486,42301.51,45184.20333333334,52931.01122222222,0,0.95618224,0,1
2022-01-21,40680.92,41100.0,35440.45,36445.31,88860.891999,3405501703.2219367,2092561.0,41615.085819,1595831787.700032,5659.550000000003,38323.96486927298,38347.434741356,41356.560000000005,44779.441666666666,52654.99522222223,1,0.88678986,0,0
2022-01-22,36445.31,36835.22,34008.0,35071.42,90471.338961,3207531048.0306516,2099978.0,42722.278233,1514027491.3203938,2827.220000000001,35453.560043068894,35438.82849746792,40211.864285714284,44253.862,52368.541888888896,0,0.79753244,0,1
2022-01-23,35071.42,36499.0,34601.01,36244.55,44279.52354,1572414639.0428774,1142407.0,22841.39451,811501507.0363061,1897.989999999998,35511.10114413118,35527.6691482663,39236.56285714286,43768.013666666666,52070.38377777778,1,0.78332394,0,0
2022-01-24,36244.55,37550.0,32917.17,36660.35,91904.753211,3192041586.10319,1999352.0,46469.272938,1615890700.8425,4632.830000000002,34732.06199438591,34773.31575638047,38444.95285714286,43310.03666666667,51807.40088888889,1,0.80931723,1,1
2022-01-25,36660.35,37545.14,35701.0,36958.32,49232.40183,1799224214.4997392,1248246.0,24988.42876,913198135.6036831,1844.1399999999994,36545.529927881216,36544.840188810784,37674.409999999996,42849.46433333333,51569.01066666667,1,0.566606,1,1
2022-01-26,36958.32,38919.98,36234.63,36809.34,69830.16036,2627491976.6908574,1584468.0,35240.31542,1326474948.4632242,2685.350000000006,37626.89306662302,37640.83642992615,36981.45714285714,42386.39433333333,51304.93788888889,1,0.72099525,0,0
2022-01-27,36807.24,37234.47,35507.01,37160.1,53020.87934,1925920128.3436604,1308408.0,26750.94594,971815942.2707555,1727.4599999999991,36323.805872655685,36328.28328577436,36478.48428571429,42040.273,51026.119999999995,1,0.694024,0,0
2022-01-28,37160.11,38000.0,36155.01,37716.56,42154.26956,1560203931.220128,1061101.0,21496.47551,795847847.5123422,1844.989999999998,37011.76529697477,37022.24800256766,36660.09142857143,41748.66966666666,50757.86855555556,1,0.5601929,1,1
2022-01-30,38166.83,38359.26,37351.63,37881.76,21430.66527,812750216.6010319,698593.0,10798.3846,409620744.0169444,1007.6300000000047,37924.63772642518,37933.520539446654,37336.18142857143,41172.363000000005,50244.954000000005,1,0.55220443,1,1
2022-01-31,37881.75,38744.0,36632.61,38466.9,36855.2458,1386754529.0295446,936014.0,18422.26954,693360023.3316519,2111.3899999999994,37627.0595658202,37637.05779172156,37594.26,40863.837999999996,49969.91966666667,1,0.5718064,1,1
2022-02-01,38466.9,39265.2,38000.0,38694.59,34574.44663,1334266166.7099988,917617.0,17730.99304,684446571.1793659,1265.199999999997,38591.10692323462,38601.705478948505,37842.29857142857,40577.45166666667,49701.00977777778,1,0.7255815,0,0
2022-02-02,38694.59,38855.92,36586.95,36896.36,35794.6813,1353093948.9776013,907905.0,17251.43687,652533107.6999176,2268.970000000001,37801.536424843136,37824.85555360685,37854.729999999996,40259.127,49428.80255555556,1,0.7920247,0,0
2022-02-03,36896.37,37387.0,36250.0,37311.61,32081.10999,1179502838.6566265,848961.0,16468.10233,605530493.5816588,1137.0,36766.27270765535,36769.90107588546,37876.374285714286,39975.113666666664,49166.296888888886,1,0.7152587,1,1
2022-02-04,37311.98,41772.33,37026.73,41574.25,64703.95874,2526572562.058285,1380724.0,33053.66668,1291953441.5589995,4745.5999999999985,39048.191351178604,39086.53929582736,38427.47285714286,39912.551,48945.22622222223,1,0.81002825,1,1
2022-02-05,41571.7,41913.69,40843.01,41382.59,32532.34372,1349805515.9300365,1006352.0,16566.08602,687352854.8254198,1070.6800000000003,41491.185742643334,41491.56620312055,38886.86571428571,39855.89366666667,48701.99288888889,1,0.6091185,1,1
2022-02-06,41382.6,42656.0,41116.56,42380.87,22405.16704,934168802.8801152,788291.0,11546.39088,481652514.3718321,1539.4400000000023,41694.34671976965,41714.55127213154,39529.595714285715,39883.04,48422.60444444445,1,0.60883284,1,1
2022-02-08,43839.99,45492.0,42666.0,44042.99,64880.29387,2847485971.4977336,1653350.0,33004.09337,1448178622.4660032,2826.0,43888.30262087303,43878.757893175934,41061.23714285715,40027.66066666667,47934.303222222225,1,0.76841486,1,1
2022-02-09,44043.0,44799.0,43117.92,44372.72,34428.16729,1512500139.1430995,1066395.0,17115.60108,752210712.4118421,1681.0800000000017,43932.05500608858,43948.83410146891,42129.28857142857,40112.668333333335,47707.61944444444,1,0.6271016,1,1
2022-02-10,44372.71,45821.0,43174.01,43495.44,62357.29091,2772188373.222783,1541483.0,30323.12245,1348871895.8677204,2646.989999999998,44456.52357194077,44483.2783329581,43012.69285714285,40138.206666666665,47478.432888888885,1,0.57953966,0,0
2022-02-11,43495.44,43920.0,41938.51,42373.73,44975.1687,1937866768.5059533,1169354.0,22063.76915,950913914.0296428,1981.489999999998,43087.48192657592,43098.43470373886,43126.904285714285,40087.242333333335,47233.918777777784,1,0.765356,1,1
2022-02-13,42217.87,42760.0,41870.0,42053.66,17732.08113,750533311.6529565,624898.0,8333.13302,352741586.0597297,890.0,42326.29583355378,42330.007838964,43199.485714285714,40042.291000000005,46735.53755555555,0,0.66531867,0,1
2022-02-14,42053.65,42842.4,41550.56,42535.94,34010.1306,1436927831.4445863,867622.0,16912.76672,714598651.165975,1291.8400000000038,42249.99451912091,42252.025525837504,43013.192857142865,40024.01266666666,46540.83833333333,1,0.627859,1,1
2022-02-15,42535.94,44751.4,42427.03,44544.86,38095.19576,1672855933.625659,990694.0,19180.32434,842363401.2128453,2324.3700000000026,43912.51705765375,43918.09993828527,43084.88857142858,40073.11933333333,46365.282666666666,0,0.91356313,0,1
2022-02-17,43873.56,44164.71,40073.21,40515.7,47245.99494,1993400162.9480667,1067658.0,21468.60602,906038209.7818584,4091.5,42191.939559735874,42202.93618215359,42587.90285714286,40067.63666666667,46025.78711111111,0,0.63555676,0,1
2022-02-18,40515.71,40959.88,39450.0,39974.44,43845.92241,1765622365.9527562,1025882.0,20609.06764,829953072.4139525,1509.8799999999974,40268.79282963992,40271.25762851601,42245.147142857146,40011.451,45806.53077777778,0,0.57446563,1,0
2022-02-20,40079.17,40125.44,38000.0,38386.89,33439.29011,1293216601.4518795,811235.0,15338.25392,592897166.4491583,2125.4400000000023,38673.566250891905,38654.80187911496,41415.794285714284,40056.11233333334,45402.05144444444,1,0.660271,0,0
2022-02-21,38386.89,39494.35,36800.0,37008.16,62347.68496,2382027320.8617606,1352290.0,30617.13558,1170272316.2758772,2694.3499999999985,38205.545601091406,38222.789105076605,40626.111428571436,40120.670333333335,45173.90577777778,1,0.8676101,1,1
2022-02-22,37008.16,38429.0,36350.0,38230.33,53785.94589,2010628230.7549176,1212527.0,27322.73575,1021948126.9253064,2079.0,37382.037212229036,37402.84780689673,39724.03571428572,40186.863000000005,44963.81733333333,1,0.51413447,0,0
2022-02-23,38230.33,39249.93,37036.79,37250.01,43560.732,1665486687.239937,1030872.0,21449.9558,820639942.0318317,2213.1399999999994,38233.67080332665,38258.35119118669,38777.81428571429,40206.51833333333,44722.591222222225,1,0.6315747,0,0
2022-02-24,37250.02,39843.0,34322.28,38327.21,120476.29458,4335107392.009488,2622780.0,60103.1314,2164376869.726107,5520.720000000001,35983.07374178778,36011.049995410176,38465.17285714286,40252.14800000001,44551.48766666667,1,0.78313524,1,1
2022-02-25,38328.68,39683.53,38014.37,39219.17,56574.57125,2197889580.282669,1408558.0,29904.01589,1161436657.8296285,1669.1599999999962,38849.425311069754,38838.81890987146,38357.27714285714,40332.475666666665,44379.24477777778,1,0.6279167,1,1
2022-02-26,39219.16,40348.45,38573.18,39116.72,29361.2568,1152621719.69438,924257.0,14658.93596,575852237.9808168,1775.2699999999968,39256.55252245129,39283.35859793311,38219.78428571428,40397.69633333334,44177.48744444444,1,0.8174354,0,0
2022-02-27,39116.73,39855.7,37000.0,37699.07,46229.44719,1780512702.886402,1265753.0,21789.2508,840141690.3293545,2855.699999999997,38514.6873067422,38557.62173930985,38121.52428571428,40397.11333333333,43954.407666666666,0,0.70851207,1,0
2022-02-28,37699.08,44225.84,37450.17,43160.0,73945.63858,2975160226.1689854,1931087.0,38543.78078,1553136662.0034583,6775.669999999998,40234.4246841581,40295.38956929119,39000.35857142857,40563.552,43801.17922222222,1,0.57835877,1,1
2022-03-01,43160.0,44949.0,42809.98,44421.2,61743.09873,2701611023.6943197,1866871.0,30937.54085,1353520463.0084743,2139.019999999997,43755.676006938884,43750.09861226492,39884.76857142857,40781.53333333333,43659.36955555556,0,0.570513,0,1
2022-03-02,44421.2,45400.0,43334.09,43892.98,57782.65081,2550792948.2886243,1653131.0,28624.1131,1264172354.0456262,2065.9100000000035,44144.616291075006,44164.59471177908,40833.764285714286,40962.40266666667,43519.51,1,0.6622478,0,0
2022-03-03,43892.99,44101.12,41832.28,42454.0,50940.61021,2192152097.925188,1289320.0,24438.40113,1051969942.2112321,2268.840000000004,43033.48720967722,43045.77605610454,41423.305714285714,41087.71633333333,43395.65388888889,1,0.5553124,0,0
2022-03-04,42454.0,42527.3,38550.0,39148.66,61964.68498,2527001270.719469,1465066.0,29322.62323,1196441375.2961826,3977.300000000003,40781.31392962129,40802.67191347677,41413.23285714286,41162.793,43284.50044444444,1,0.89458257,1,1
2022-03-05,39148.65,39613.24,38407.59,39397.96,30363.13341,1187689935.0879934,879727.0,14846.61434,580820200.9425652,1205.6500000000015,39116.18471816982,39121.390752214094,41453.409999999996,41232.337999999996,43173.40744444444,1,0.5949811,0,0
2022-03-06,39397.97,39693.87,38088.57,38420.81,39677.26158,1542258009.6292188,986352.0,19055.16367,740741244.8965172,1605.300000000003,38870.071880329066,38873.51784139869,41556.51571428571,41127.223333333335,43039.839555555554,1,0.8619774,0,0
2022-03-07,38420.8,39547.57,37155.0,37988.0,63941.20316,2447310342.4666195,1454770.0,31624.08426,1210428347.724613,2392.5699999999997,38274.38680411937,38275.522471195596,40817.65857142857,41014.07033333334,42899.829,1,0.9297877,1,1
2022-03-08,37988.01,39362.08,37867.65,38730.63,55528.43367,2147541837.688247,1269742.0,27931.99999,1080277222.5345988,1494.4300000000003,38674.63380024145,38675.255009356704,40004.719999999994,40892.39566666667,42769.378333333334,1,0.8345054,1,1
2022-03-09,38730.63,42594.06,38656.45,41941.71,67392.58799,2797240840.960747,1570230.0,34598.34753,1435303843.9873853,3937.6100000000006,41506.65413495937,41484.75133798927,39725.967142857146,40829.11966666666,42707.113,0,0.61146504,0,1
2022-03-10,41941.7,42039.63,38539.73,39422.0,71950.25677,2853792081.107706,1512384.0,33795.03278,1339863548.3354032,3499.899999999994,39663.40370723469,39646.75983768651,39292.82428571429,40675.08666666667,42621.351444444444,1,0.6163413,0,0
2022-03-11,39422.01,40236.26,38223.6,38729.57,59018.7642,2305825015.6010857,1252571.0,29148.02045,1139093538.3524642,2012.6600000000035,39069.35441391512,39079.61915652025,39232.95428571429,40486.98166666667,42502.90233333333,1,0.5400372,1,1
2022-03-13,38807.35,39310.0,37578.51,37777.34,32791.82359,1268441605.1866875,841844.0,15150.32067,586406176.6009938,1731.489999999998,38681.64274869739,38705.85906225533,39056.65857142857,40177.49933333333,42278.769555555555,1,0.61223155,1,1
2022-03-14,37777.35,39947.12,37555.0,39671.37,46945.45375,1821922588.4472065,1114899.0,24146.76237,937313460.6262863,2392.1200000000026,38809.35091499049,38817.355563609926,39297.14,40092.616,42182.415,1,0.54449904,0,0
2022-03-15,39671.37,39887.61,38098.33,39280.33,46015.54926,1796571984.458497,1060517.0,22657.90532,885084067.9857315,1789.2799999999988,39042.71519845153,39062.92552138405,39375.66857142857,40000.17166666666,42075.91888888889,1,0.5353202,1,1
2022-03-16,39280.33,41718.0,38828.48,41114.0,88120.76167,3552563766.3655386,2051837.0,44119.65664,1779529342.3189175,2889.519999999997,40314.71924481765,40334.161184417535,39257.42428571428,39952.77366666667,42003.49244444444,1,0.51055837,0,0
2022-03-17,41114.01,41478.82,40500.0,40917.9,37189.38087,1521083189.7108624,935784.0,18580.98075,760015585.8029839,978.8199999999997,40901.00867847178,40902.87784206353,39471.124285714286,39831.875,41945.56688888889,1,0.53964406,1,1
2022-03-18,40917.89,42325.02,40135.04,41757.51,45408.00969,1862337033.4847212,1065054.0,22374.92757,918115615.0464845,2189.979999999996,41013.40371883455,41033.23294228141,39903.68714285714,39761.34,41889.15611111111,1,0.7919631,1,1
2022-03-19,41757.51,42400.0,41499.29,42201.13,29067.18108,1216709156.4428053,801197.0,14463.06148,605480703.8859774,900.7099999999991,41858.51916957905,41863.93764026075,40388.51142857143,39817.52099999999,41839.377222222225,0,0.58007115,0,1
2022-03-20,42201.13,42296.26,40911.0,41262.11,30653.33468,1273880705.2502496,799695.0,14636.72662,608328201.7906688,1385.260000000002,41557.65493538303,41561.765658684475,40886.33571428571,39860.44333333333,41776.57666666667,1,0.59157324,0,0
2022-03-22,41002.26,43361.0,40875.51,42364.13,59454.94294,2525975507.8012,1367343.0,30215.54785,1283334795.3252618,2485.489999999998,42485.542545223405,42472.66346770085,41517.00428571429,40023.78733333333,41619.78044444445,0,0.66452,0,1
2022-03-23,42364.13,43025.96,41751.47,42882.76,40828.87039,1725787170.5823965,916671.0,20211.34116,854479820.5334152,1274.489999999998,42268.79544051958,42277.24492744227,41769.684285714284,40219.60733333333,41531.379888888885,0,0.67412907,1,0
2022-03-24,42882.76,44220.89,42560.46,43991.46,56195.12374,2436258223.6223383,1202541.0,27963.10189,1212354441.1395836,1660.4300000000003,43353.552078544424,43355.506335051425,42208.764285714286,40411.645000000004,41455.50722222222,0,0.687716,1,0
2022-03-25,43991.46,45094.14,43579.0,44313.16,54614.43648,2421153187.6604123,1141588.0,27819.34765,1233475690.3636422,1515.1399999999994,44331.743467627784,44338.77119917448,42573.857142857145,40647.083333333336,41387.87944444444,0,0.64656687,1,0
2022-03-27,44511.27,46999.0,44421.46,46827.76,41874.91071,1907019662.3441498,1135096.0,21674.84642,987241345.646293,2577.540000000001,45540.865162698516,45547.789659784496,43698.969999999994,41106.83833333333,41275.23611111111,1,0.6109398,1,1
2022-03-28,46827.76,48189.84,46663.56,47122.21,58949.2614,2789898402.616576,1498975.0,29097.75719,1377280753.9727275,1526.2799999999988,47327.11379852125,47332.88359578643,44573.25,41373.687999999995,41270.552444444445,1,0.51961684,1,1
2022-03-29,47122.21,48096.47,46950.85,47434.8,36772.28457,1748600385.4502351,1095678.0,18192.3742,865179145.1756456,1145.6200000000026,47552.12807410935,47557.242153453815,45297.631428571425,41698.21233333334,41281.33177777778,0,0.5964804,1,0
2022-03-30,47434.79,47700.22,46445.42,47067.99,40947.2085,1932152559.8831122,1081607.0,20896.43399,985946938.5682786,1254.800000000003,47186.429323579214,47182.54507157077,45895.52142857143,41828.47866666666,41280.74422222222,0,0.67003393,0,1
2022-03-31,47067.99,47600.0,45200.0,45510.34,48645.12667,2262485160.568584,1290541.0,22879.47328,1064278670.6426109,2400.0,46510.00656071648,46516.74702550718,46112.50428571429,41864.78333333333,41272.89322222222,1,0.52674925,1,1
2022-04-02,46283.49,47213.0,45620.0,45811.0,37073.53582,1721690754.4393935,1056716.0,18562.93079,862197811.5688924,1593.0,46439.88538882757,46447.28902579141,46579.65571428572,42056.367,41240.511666666665,1,0.8518986,1,1
2022-04-03,45810.99,47444.11,45530.92,46407.35,33394.67794,1550999693.0508049,966563.0,16740.18067,777615974.8155177,1913.1900000000023,46444.517172391235,46452.065849508996,46519.59714285714,42298.323333333334,41240.08111111111,1,0.59175193,0,0
2022-04-04,46407.36,46890.71,45118.0,46580.51,44641.87514,2053434523.8685389,1171998.0,21913.04154,1008164276.0490184,1772.7099999999991,45997.945145198915,46007.500793932166,46442.21142857143,42537.74166666667,41248.397777777776,0,0.6963464,0,1
2022-04-05,46580.5,47200.0,45353.81,45497.55,42192.74852,1951668192.9295099,1046080.0,20607.57735,953494654.4599284,1846.1900000000023,46256.009892420014,46269.128984243674,46165.46142857143,42773.633,41271.13577777778,1,0.55210793,0,0
2022-04-07,43170.47,43900.99,42727.35,43444.19,37396.54156,1623879486.6600313,999816.0,18567.25999,806358703.2156662,1173.6399999999994,43423.25303142367,43429.06296620809,45313.508571428574,43103.50066666667,41292.978777777775,1,0.68695235,0,0
2022-04-08,43444.2,43970.62,42107.14,42252.01,42375.04203,1830699971.6113117,1108136.0,20530.56354,887196762.4943209,1863.4800000000032,43202.31636148567,43213.4637106177,44737.58285714286,43113.844000000005,41299.33733333333,1,0.78598785,1,1
2022-04-10,42753.96,43410.3,41868.0,42158.85,22771.09403,971459737.5009404,678983.0,10952.24952,467438845.4221835,1542.300000000003,42661.970312936275,42679.71110122987,43693.93571428572,43339.219000000005,41312.95633333333,1,0.82897824,0,0
2022-04-11,42158.85,42414.71,39200.0,39530.45,63560.44721,2602039073.0150447,1385924.0,30543.05561,1251713135.5000079,3214.709999999999,40938.02336566418,40981.92242069548,42686.78428571428,43363.322,41277.41366666667,1,0.74022907,1,1
2022-04-12,39530.45,40699.0,39254.63,40074.94,57751.01778,2309514071.593873,1153667.0,28344.99788,1133659106.655711,1444.3700000000026,39990.88086017578,39995.032331810886,41912.125714285714,43439.90866666667,41234.883444444444,1,0.5281653,1,1
2022-04-13,40074.95,41561.31,39588.54,41147.79,41342.27254,1677171454.091079,948061.0,20522.54699,832653378.5114936,1972.7699999999968,40567.955050568664,40572.614057953906,41623.17142857143,43489.12266666666,41219.191,0,0.5765844,0,1
2022-04-14,41147.78,41500.0,39551.94,39942.38,36807.01401,1494726286.0180101,803756.0,17787.82129,722216571.859389,1948.0599999999977,40609.821965234994,40601.7443106091,41122.91285714286,43511.191,41184.551222222224,1,0.78119916,1,1
2022-04-15,39942.37,40870.36,39766.4,40551.9,24026.35739,966888436.8162509,616536.0,11755.54439,473100437.4733753,1103.9599999999991,40242.822543656956,40244.87695149398,40880.03999999999,43492.45433333333,41156.413555555555,0,0.67768663,0,1
2022-04-16,40551.9,40709.35,39991.55,40378.71,15805.44718,638275503.9141085,423446.0,7642.38243,308642382.8796384,717.7999999999956,40383.261330421185,40385.62394732691,40540.717142857146,43474.48133333333,41126.491888888886,1,0.71678567,0,0
2022-04-17,40378.7,40595.67,39546.17,39678.12,19988.49259,803414248.9836985,590241.0,9578.91533,385124871.4665126,1049.5,40193.838798311226,40205.478198596065,40186.32714285714,43405.168333333335,41098.453,1,0.79957724,1,1
2022-04-18,39678.11,41116.73,38536.51,40801.13,54243.49575,2153574975.9131336,1157741.0,27097.19375,1076513006.7058175,2580.220000000001,39701.99461035167,39727.84106862791,40367.85285714286,43358.50166666667,41081.21977777778,1,0.50418985,1,1
2022-04-20,41493.19,42199.0,40820.0,41358.19,40877.35041,1697039284.0853007,1063843.0,20007.29623,830754792.6236624,1379.0,41515.39341625593,41522.591712216694,40600.51571428571,43378.068666666666,41086.891444444445,0,0.5297195,1,0
2022-04-21,41358.19,42976.0,39751.0,40480.01,59316.27657,2476061417.8872576,1515456.0,29413.89548,1228429890.9573543,3225.0,41743.37232656911,41763.59067409572,40677.32,43315.26466666666,41131.72144444445,1,0.578577,0,0
2022-04-22,40480.01,40795.06,39177.0,39709.18,46664.0196,1870172362.40225,1043471.0,23248.71242,931654706.5531975,1618.0599999999977,40077.39535584822,40073.38943001978,40556.93142857143,43209.47866666666,41183.25211111111,1,0.6689733,1,1
2022-04-23,39709.19,39980.0,39285.0,39441.6,20291.42375,804677022.9078971,724132.0,10217.20484,405193110.9436816,695.0,39656.015902181185,39657.92183762087,40423.05857142857,43057.816666666666,41218.77488888889,1,0.75697213,1,1
2022-04-24,39441.61,39940.0,38929.62,39450.13,26703.61186,1056336243.0198609,868183.0,12639.70229,500129939.0779573,1010.3799999999974,39557.8039614249,39568.17396511301,40390.48857142857,42895.71566666666,41249.77244444445,1,0.53607976,0,0
2022-04-25,39450.12,40616.0,38200.0,40426.08,63037.12784,2470071005.2401423,1280351.0,31958.39557,1252785476.6028605,2416.0,39184.3837097027,39200.51223656784,40336.909999999996,42759.54266666667,41288.30311111111,1,0.7083133,0,0
2022-04-26,40426.08,40797.31,37702.26,38112.65,66650.258,2615206861.8349133,1381618.0,31936.9422,1253685872.4445755,3095.0499999999956,39237.76051751988,39255.03777392237,39853.97714285715,42469.039000000004,41302.78433333333,1,0.94364744,1,1
2022-04-27,38112.64,39474.72,37881.31,39235.72,57083.12272,2218523642.426387,1232083.0,28942.08915,1124748467.7003632,1593.4100000000035,38864.79114516086,38862.03452249276,39550.76714285714,42206.155999999995,41325.84677777778,1,0.6282125,1,1
2022-04-28,39235.72,40372.63,38881.43,39742.07,56086.6715,2223808385.8063755,1135242.0,28519.46629,1130865428.7936184,1491.199999999997,39649.49829134317,39652.40503782297,39445.34714285714,41949.73166666667,41348.35244444445,1,0.52723825,0,0
2022-04-29,39742.06,39925.25,38175.0,38596.11,51453.65715,2006135662.8559992,1101140.0,24773.60543,966125835.4961329,1750.25,38989.17538568003,38998.19258145555,39286.33714285714,41667.335666666666,41353.122111111115,0,0.5064962,0,1
2022-04-30,38596.11,38795.38,37578.2,37630.8,35321.18989,1354900532.1335113,1017369.0,16523.43017,634076437.1873089,1217.1800000000003,38359.42493310809,38374.38296187074,39027.65142857143,41404.68433333333,41350.333666666666,1,0.7126011,1,1
2022-05-01,37630.8,38675.0,37386.38,38468.35,38812.24104,1478259271.913873,1021157.0,19551.11747,744825800.8143975,1288.6200000000026,38087.44953403682,38096.32886495042,38887.397142857146,41144.17966666666,41350.34977777778,1,0.6122805,0,0
2022-05-03,38525.16,38651.51,37517.8,37728.95,40316.45358,1539320434.2647235,1005131.0,20002.76343,764016892.6745052,1133.7099999999991,38180.94841130427,38195.56709492641,38561.02285714286,40612.03833333334,41357.718222222225,1,0.7178812,1,1
2022-05-04,37728.95,40023.77,37670.0,39690.0,62574.61736,2438553987.4535437,1238847.0,32968.16942,1284541284.6021378,2353.769999999997,38970.33797944336,38963.075815270364,38625.92,40382.35466666667,41384.14477777777,1,0.7743752,0,0
2022-05-05,39690.0,39845.51,35571.9,36552.97,88722.43355,3329684235.9639516,1979692.0,41786.44096,1568954443.5851629,4273.610000000001,37529.225729448575,37546.97474922647,38170.33428571428,40084.202000000005,41328.35277777778,0,0.6256727,0,1
2022-05-06,36552.97,36675.63,35258.0,36013.77,68437.80187,2466507512.182029,1214518.0,34536.42346,1245062436.8376348,1417.6299999999974,36040.13344653071,36050.705663823675,37801.42857142857,39845.64533333333,41268.699222222225,0,0.6605892,0,1
2022-05-07,36013.77,36146.3,34785.0,35472.39,34281.70682,1222539413.6400983,746488.0,15385.18829,548855038.2356379,1361.300000000003,35661.56784605797,35674.249017308444,37493.08428571429,39579.91866666666,41191.93833333334,1,0.68439096,0,0
2022-05-08,35472.4,35514.22,33713.95,34038.4,72445.64344,2498365159.9945807,1301451.0,32350.03935,1115547715.9145274,1800.270000000004,34486.06488068181,34483.65870116097,36860.23428571429,39306.131666666675,41083.031777777775,0,0.6824628,0,1
2022-05-09,34038.39,34243.15,30033.33,30076.31,191876.926428,6166367111.275724,2564538.0,86538.962569,2781053306.4725456,4209.82,32137.09551257376,32136.429926059398,35653.25571428571,38883.54299999999,40927.84644444445,0,0.5281141,1,0
2022-05-10,30074.23,32658.99,29730.4,31017.1,165532.00311,5179856929.47993,2470325.0,73691.196106,2307177624.541944,2928.59,31292.178141756616,31308.728131149055,34694.42,38512.151333333335,40779.450666666664,0,0.6470417,0,1
2022-05-12,29103.94,30243.0,26700.0,29029.75,204507.263138,5795451310.945579,3951233.0,101465.278257,2877462252.2122283,3543.0,28338.60872234572,28359.083044388288,32107.38,37796.428,40471.278666666665,1,0.51582617,1,1
2022-05-14,29287.05,30343.27,28630.0,30086.74,51095.87863,1501483453.5008905,1204626.0,25908.17135,761545954.1904565,1713.2700000000004,29385.60787600044,29394.04498690937,30377.041428571425,37072.54866666668,40194.63711111111,1,0.8629427,0,0
2022-05-15,30086.74,31460.0,29480.0,31328.89,46275.66912,1401499926.2304175,1016769.0,24163.362,732332763.6094486,1980.0,30285.892195229215,30307.569104392365,29989.96857142857,36765.115,40070.11433333333,1,0.86817515,0,0
2022-05-16,31328.89,31328.9,29087.04,29874.01,73082.19658,2185567735.682062,1561954.0,36284.05379,1085179422.7219367,2241.8600000000006,29905.610914275316,29907.888159426544,29961.06857142857,36414.958333333336,39907.10488888889,1,0.5504624,1,1
2022-05-17,29874.01,30788.37,29450.38,30444.93,56724.13307,1715109131.0802064,1175382.0,28600.36238,865031716.5404288,1337.989999999998,30235.96903567814,30245.480985420603,29879.329999999998,36107.185333333335,39757.89788888889,1,0.51852673,0,0
2022-05-18,30444.93,30709.99,28654.47,28715.32,59749.15799,1762843836.1269379,1379212.0,29501.76769,870623227.207057,2055.5200000000004,29504.078307211937,29510.88342757732,29823.812857142857,35704.325,39626.78255555556,1,0.91193706,1,1
2022-05-19,28715.33,30545.18,28691.38,30319.23,67877.36415,2014360135.7852721,1860780.0,35339.65787,1049163442.9020371,1853.7999999999993,29676.463737363207,29687.990946643455,30008.024285714284,35331.86,39519.50244444445,1,0.6291727,0,0
2022-05-20,30319.22,30777.33,28730.0,29201.01,60517.25325,1800589029.270878,1694004.0,30890.40127,919467696.618159,2047.3300000000017,29753.317154573237,29765.482441664608,29995.732857142855,34926.62066666667,39398.634,1,0.7399854,1,1
2022-05-23,30293.93,30670.51,28866.35,29109.15,63901.49932,1914305818.0745187,1328317.0,30476.66811,913813980.9533184,1804.1599999999999,29957.13462822266,29984.05132920281,29646.948571428573,33900.532666666666,39123.33144444445,1,0.77736884,1,1
2022-05-24,29109.14,29845.86,28669.0,29654.58,59442.96036,1740257602.3067698,946421.0,29480.07674,863516681.5129281,1176.8600000000006,29276.09243832031,29291.534385365652,29534.041428571425,33574.01433333333,39038.93777777778,1,0.5727036,1,1
2022-05-25,29654.58,30223.74,29294.21,29542.15,59537.38659,1771708175.0718913,985440.0,28846.96589,858587338.503838,929.5300000000025,29757.909719360614,29763.523199556774,29652.16,33211.21666666667,38941.326,0,0.68188435,1,0
2022-05-26,29542.14,29886.64,28019.56,29201.35,94581.65463,2759055410.397752,1431112.0,45206.85416,1319426335.716236,1867.079999999998,29171.14763101868,29186.422285576617,29492.46285714286,32914.17333333333,38830.01688888889,1,0.586103,0,0
2022-05-28,28629.81,29266.0,28450.0,29031.33,34479.35127,994674257.5679231,684423.0,17561.21465,506633343.6800464,816.0,28848.404071725538,28849.561592258444,29351.757142857146,32203.618,38617.187333333335,1,0.57692957,1,1
2022-05-29,29031.33,29587.78,28839.21,29468.1,27567.34764,804777532.6497605,635311.0,13735.42581,401056725.5655391,748.5699999999997,29193.14339410857,29198.71077266145,29233.780000000002,31899.351,38465.05511111111,0,0.54745066,1,0
2022-05-30,29468.1,32222.0,29299.62,31734.22,96785.9476,2980527582.4674954,1380410.0,45024.45633,1384940691.9669578,2922.380000000001,30795.04469786785,30759.74270108322,29608.79,31702.798333333332,38324.08866666666,0,0.8841777,1,0
2022-06-01,31801.05,31982.97,29301.0,29805.83,103395.63382,3171191028.249736,1404611.0,47614.81205,1460767260.6962943,2681.970000000001,30670.45397458869,30678.841263982147,29953.09571428571,31189.91033333333,38049.19855555556,0,0.86292034,1,0
2022-06-03,30452.63,30699.0,29282.36,29700.21,54067.44727,1615616950.714381,993769.0,26583.25141,794354787.342094,1416.6399999999994,29881.50971223726,29881.77687862803,30284.764285714286,30614.373,37844.82311111111,1,0.7208523,1,1
2022-06-05,29864.03,30189.0,29531.42,29919.21,23139.9281,691201528.1600258,604680.0,11753.51303,351150600.7844381,657.5800000000017,29870.513217369324,29876.225081654422,30468.167142857146,30188.256666666664,37660.094666666664,1,0.78380376,1,1
2022-06-06,29919.2,31765.64,29890.23,31373.1,68836.92456,2149499896.9349375,1124745.0,34225.53913,1068381827.9889435,1875.4099999999999,31225.97226233399,31215.923989710533,30416.578571428574,30051.613666666668,37578.344333333334,0,0.5426512,0,1
2022-06-07,31373.1,31589.6,29218.96,31125.33,110674.51658,3347397952.7305903,1743957.0,54831.53114,1661147413.2582464,2370.6399999999994,30245.426464645603,30295.477414571546,30320.04857142857,29954.511333333332,37458.162333333334,1,0.538643,0,0
2022-06-08,31125.32,31327.22,29843.88,30204.77,68542.61276,2087270428.3470392,1236327.0,32668.41005,995180478.2745385,1483.3400000000001,30452.157341237587,30463.08273807585,30377.04,29958.793333333335,37355.74866666667,1,0.62004495,1,1
2022-06-09,30204.77,30700.0,29944.1,30109.93,46291.1865,1399839073.774508,841562.0,23082.29251,697948605.9884633,755.9000000000015,30239.861615439644,30237.40409173349,30328.084285714285,29928.554333333333,37259.97488888889,1,0.90838367,0,0
2022-06-13,26574.53,26895.84,21925.77,22487.41,254611.034966,6192246037.404874,3261484.0,121398.556133,2953984191.5180387,4970.07,24320.41501355889,24332.9433694562,28288.364285714288,29564.255666666664,36715.99844444444,1,0.9429357,0,0
2022-06-15,22136.42,22800.0,20111.62,22583.72,200774.493467,4249276481.256697,2847831.0,98340.102217,2083014439.1952906,2688.380000000001,21164.423866197543,21181.739618277526,25915.51142857143,29014.829999999998,36301.42322222222,1,0.7329775,0,0
2022-06-17,20400.6,21365.43,20246.66,20468.81,86694.33663,1796575392.5507207,1352992.0,43066.94445,892584106.6574169,1118.7700000000004,20723.09982851899,20725.503470386484,23296.69857142857,28405.159,35822.661888888884,1,0.8537596,0,0
2022-06-18,20468.81,20792.06,17622.0,18970.79,196441.655524,3726639821.696151,2467372.0,96560.044649,1833514054.8893414,3170.0600000000013,18970.720908228413,18988.33064498101,21946.139999999996,28026.877666666664,35574.98055555556,1,0.92027515,1,1
2022-06-19,18970.79,20815.95,17960.41,20574.0,128320.87595,2487561781.535987,1950660.0,65871.82216,1277952917.4081194,2855.540000000001,19385.48005630246,19400.60067420062,21088.92142857143,27739.310666666664,35348.0,1,0.6700103,0,0
2022-06-20,20574.0,21090.0,19637.03,20573.89,109028.94154,2220396381.7426524,1639448.0,54047.82476,1100883996.5003533,1452.9700000000012,20365.201664624474,20368.70126390547,20815.56142857143,27443.605,35105.88622222222,1,0.7005982,1,1
2022-06-21,20573.9,21723.0,20348.4,20723.52,104371.0749,2198596137.343284,1515321.0,52193.33566,1099446297.122863,1374.5999999999985,21065.18630233331,21064.878939428625,20613.72,27124.591,34859.67244444445,1,0.76075214,0,0
2022-06-22,20723.51,20900.0,19770.51,19987.99,92133.97938,1872204589.2375817,1394981.0,44907.30453,912710764.7302253,1129.4900000000016,20320.457249716826,20324.32750713184,20242.90142857143,26820.552333333337,34592.96722222222,1,0.89343315,1,1
2022-06-23,19988.0,21233.0,19890.07,21110.13,83127.08716,1710694866.4572449,1207858.0,42716.83721,879244263.2830158,1342.9300000000003,20579.271148579544,20583.08434588844,20344.161428571428,26535.737333333334,34335.15577777778,1,0.526233,0,0
2022-06-24,21110.12,21558.41,20736.72,21237.69,77430.36622,1635129191.170251,1309709.0,38582.36962,815027131.3205568,821.6899999999987,21117.415182105942,21124.340970961774,20454.00142857143,26258.922000000002,34076.56044444445,1,0.7756487,0,0
2022-06-25,21237.68,21614.5,20906.62,21491.19,51431.67794,1093873137.974752,874540.0,25240.18142,536863288.4627487,707.880000000001,21268.470751641824,21270.183424170835,20814.058571428573,26001.916666666668,33795.043,1,0.6518664,0,0
2022-06-26,21491.18,21888.0,20964.73,21038.07,53278.10464,1139258367.162915,885306.0,26051.16372,557192553.7220398,923.2700000000004,21383.23753933967,21388.393996935803,20880.354285714286,25748.859,33505.21922222222,1,0.7556715,0,0
2022-06-28,20742.57,21212.1,20202.01,20281.29,63801.0832,1321862977.9315486,1064497.0,30490.78532,631852171.7596262,1010.0900000000001,20718.50369354777,20722.725411246513,20841.274285714288,25166.33966666667,32911.00877777778,1,0.61222965,0,0
2022-06-30,20123.0,20179.08,18626.0,19942.21,93846.64806,1808994369.0314438,1438163.0,45447.98482,876020577.3495957,1553.0800000000017,19276.06799419069,19275.23477265577,20693.717142857142,24384.005,32336.246444444445,1,0.70778793,0,0
2022-07-02,19279.8,19467.39,18977.01,19252.81,46180.3021,888415536.8730664,833508.0,23693.90779,455851305.3763755,490.380000000001,19237.97585709311,19239.177826494593,20094.25,23659.810333333335,31739.738222222222,1,0.71814936,0,0
2022-07-03,19252.82,19647.63,18781.0,19315.83,51087.46631,980255891.3952553,880786.0,25361.96292,486752875.4369991,866.630000000001,19187.796189520115,19192.239850376653,19848.215714285714,23313.664333333334,31436.797333333336,1,0.5424501,1,1
2022-07-04,19315.83,20354.01,19055.31,20236.71,74814.04601,1470987695.521582,1282843.0,38543.72441,758241531.9880207,1298.699999999997,19661.918770239517,19672.243499937907,19775.95142857143,22992.753333333334,31156.121333333333,0,0.6146561,0,1
2022-07-05,20236.71,20750.0,19304.4,20175.83,96041.13756,1919950110.1674304,1612273.0,48358.47507,967109793.3844756,1445.5999999999985,19990.91388279294,19998.765304004355,19760.885714285716,22667.974,30900.62533333333,1,0.64369565,1,1
2022-07-06,20175.84,20675.22,19761.25,20564.51,82439.5808,1665481948.0096319,1472221.0,41580.73433,840150579.642686,913.9700000000012,20202.455323616006,20205.28480750104,19823.957142857143,22307.68766666667,30646.40666666667,1,0.5927692,1,1
2022-07-07,20564.51,21838.1,20251.68,21624.98,85014.58261,1783224085.7236798,1653722.0,42731.5372,896703207.2104565,1586.4199999999983,20975.508330189987,20984.576403454463,20064.352857142858,21991.009333333335,30417.217444444443,0,0.7119202,1,0
2022-07-08,21624.99,22527.37,21189.26,21594.75,403081.57349,8781330156.61243,4358216.0,201798.10144,4396546053.031909,1338.1100000000006,21785.491409545382,21786.855384955743,20395.06,21704.00866666667,30182.115,1,0.7299007,1,1
2022-07-09,21594.75,21980.0,21322.12,21591.83,178417.84468,3857190523.4942718,3524386.0,89418.01811,1933132016.304726,657.880000000001,21618.860660559527,21619.043422843828,20729.205714285716,21420.071999999996,29953.592555555555,1,0.60504943,0,0
2022-07-10,21592.15,21607.65,20655.0,20862.47,192188.21556,4062794310.272034,3434401.0,95376.75351,2016291891.3743694,952.6500000000015,21139.66404461284,21140.286465747304,20950.154285714285,21145.758333333335,29746.170555555556,1,0.73949873,0,0
2022-07-11,20861.11,20868.48,19875.23,19963.61,137535.40724,2813718031.1093426,3232941.0,66869.47065,1368289522.9848232,993.25,20458.135745360392,20462.095926354148,20911.140000000003,20863.722,29522.711333333333,0,0.56782913,0,1
2022-07-12,19963.61,20059.42,19240.0,19328.75,139506.45862,2754215439.3324776,3626399.0,67681.11612,1336338002.7004988,819.4199999999983,19742.56580359948,19744.62123720218,20790.12857142857,20622.196,29280.277555555556,0,0.55882853,1,0
2022-07-13,19331.28,20366.61,18910.94,20234.87,209250.24888,4096306063.801935,4789109.0,103667.13511,2029863027.178718,1455.670000000002,19576.110832494487,19580.583808213218,20743.037142857145,20547.11133333333,29061.305222222225,0,0.59144866,1,0
2022-07-14,20234.87,20900.0,19616.07,20588.84,174809.21696,3526210098.285044,4576355.0,87993.05801,1775442258.4092436,1283.9300000000003,20171.76302032126,20177.071902734337,20595.01714285714,20495.52566666667,28839.493444444444,0,0.57378197,1,0
2022-07-15,20588.84,21200.0,20382.29,20830.04,143343.3049,2984339734.3532705,4411375.0,71354.9491,1485929119.4276447,817.7099999999991,20819.526495745464,20824.47171737447,20485.772857142856,20437.069666666666,28622.286000000004,0,0.61177135,1,0
2022-07-17,21195.6,21684.54,20750.01,20798.16,118229.4525,2511251392.5765257,4261057.0,59550.95291,1265042502.4618275,934.5300000000025,21240.489061526576,21243.027032223985,20419.981428571427,20474.52433333333,28194.669444444444,0,0.64581615,1,0
2022-07-19,22432.58,23800.0,21579.54,23396.62,263770.76574,5954419902.221928,6488375.0,132874.43405,2999605957.303951,2220.459999999999,22574.22230062912,22574.74117387558,21353.815714285713,20684.004666666664,27783.312,0,0.57702285,1,0
2022-07-20,23398.48,24276.74,22906.19,23223.3,238762.17094,5631801151.220376,6364038.0,119820.55352,2826789486.1693096,1370.550000000003,23587.49348377983,23591.85801705942,21780.734285714287,20772.318333333333,27591.57077777778,0,0.50927603,0,1
2022-07-24,22448.58,23014.64,22257.15,22579.68,115189.67277,2610817967.1639385,3671238.0,58086.99433,1316724597.4433148,757.489999999998,22665.382272393257,22668.14822545002,22845.752857142856,21032.599666666665,26834.24611111111,0,0.5861961,0,1
2022-07-25,22577.13,22666.0,21250.0,21310.9,180344.76643,3954002948.5472584,4807238.0,88021.9456,1930051719.2731922,1416.0,21924.689176283842,21926.937721235645,22685.512857142858,21026.590000000004,26647.559999999998,0,0.5749912,0,1
